id,height,weight,ifVelo,ofVelo,cVelo,popTime,exitVelo,sixtyyard,maxFB,changeUp,curve,event_id,player_id,slider,players.gradYear,events.date
3,71,180,65,74,0,0,83,7.56,0,0,0,4,2,,2024,11/20/2022 0:00
5,70,134,55,54,0,0,65,7.86,0,0,0,4,4,,2027,11/20/2022 0:00
7,76,250,67,79,0,0,93,8.24,81,68,62,4,6,,2024,11/20/2022 0:00
9,73,160,66,73,0,0,83,7.55,70,62,57,4,8,,2024,11/20/2022 0:00
11,71,160,0,68,66,2.29,79,7.48,0,0,0,4,10,,2025,11/20/2022 0:00
12,71,160,0,68,66,2.29,79,7.48,0,0,0,4,11,,2025,11/20/2022 0:00
13,72,160,69,77,0,0,78,7.6,75,65,60,4,12,,2026,11/20/2022 0:00
14,65,120,54,56,56,2.51,65,8.89,0,0,0,4,13,,2026,11/20/2022 0:00
15,68,125,70,78,0,0,74,7.24,73,66,60,4,14,,2024,11/20/2022 0:00
221,0,0,76,78,0,0,86,7.36,0,0,0,10,2,,2024,10/12/2023 0:00
157,0,0,76,81,0,0,78,6.85,77,72,65,10,13,,2026,10/12/2023 0:00
4,69,139,73,65,0,0,81,6.89,0,0,0,3,3,,2024,10/17/2022 0:00
473,0,0,0,83,77,2.09,83,7.53,0,0,0,16,10,,2025,6/15/2024 0:00
499,0,0,0,0,0,0,0,7.88,76,64,63,16,398,,2025,6/15/2024 0:00
6,69,136,57,63,0,0,66,8.38,66,61,54,5,5,,2027,12/4/2022 0:00
8,64,102,51,57,0,0,60,8.17,0,0,0,5,7,,2026,12/4/2022 0:00
10,64,103,55,57,0,0,62,9.15,0,0,0,5,9,,2028,12/4/2022 0:00
16,73,172,67,72,0,0,75,7.93,70,67,64,5,398,,2025,12/4/2022 0:00
569,69,172,0,78,67,2.06,84,7.91,0,0,0,18,12,0,2026,10/11/2024 0:00
17,68,125,69,73,0,0,60,7.84,67,63,59,4,16,,2026,11/20/2022 0:00
18,68,121,71,74,0,0,77,7.39,68,59,57,5,17,,2027,12/4/2022 0:00
19,66,122,67,66,0,0,68,7.25,0,0,0,5,18,,2026,12/4/2022 0:00
20,65,185,61,63,0,0,62,0,62,56,55,4,19,,2026,11/20/2022 0:00
21,61,95,54,55,0,0,55,8.62,53,48,47,5,20,,2028,12/4/2022 0:00
22,75,195,73,77,0,0,82,7.59,80,71,62,4,21,,2024,11/20/2022 0:00
102,74,200,0,0,0,0,88,7.8,78,72,65,7,21,,2024,7/10/2023 0:00
217,0,0,0,0,0,0,88,7.47,0,0,0,10,21,,2024,10/12/2023 0:00
23,64,111,57,56,0,0,70,8.4,55,50,51,4,23,,2028,11/20/2022 0:00
24,71,159,78,84,0,0,86,7.72,82,72,67,5,24,,2023,12/4/2022 0:00
25,74,155,61,73,0,0,76,7.57,70,64,62,4,25,,2025,11/20/2022 0:00
26,68,135,64,65,0,0,74,7.62,0,0,0,4,26,,2024,11/20/2022 0:00
27,73,200,0,77,0,0,85,8.23,0,0,0,4,27,,2024,11/20/2022 0:00
28,65,127,0,57,0,0,72,7.81,67,56,54,3,28,,2027,10/17/2022 0:00
29,70,170,0,71,0,0,77,8.3,72,60,60,4,29,,2024,11/20/2022 0:00
30,63,130,58,57,0,0,64,8.98,63,56,53,3,30,,2027,10/17/2022 0:00
31,63,131,57,57,0,0,64,9.26,64,55,55,4,30,,2027,11/20/2022 0:00
228,68,141,67,74,,,78,8.16,74,64,60,13,30,,2027,5/18/2024 0:00
32,69,149,63,72,0,0,78,7.84,71,64,60,4,31,,2025,11/20/2022 0:00
33,69,144,64,57,0,0,70,8.12,63,57,52,3,32,,2027,10/17/2022 0:00
34,0,0,52,54,0,0,54,8.52,57,51,47,4,33,,2026,11/20/2022 0:00
35,74,166,62,72,0,0,80,7.73,65,58,60,4,34,,2026,11/20/2022 0:00
36,67,155,0,71,67,2.14,74,7.33,73,63,64,4,35,,2024,11/20/2022 0:00
37,66,125,0,68,0,0,74,8.02,73,60,62,4,36,,2025,11/20/2022 0:00
38,71,161,62,68,0,0,72,8,63,60,53,4,37,,2026,11/20/2022 0:00
39,69,140,51,59,0,0,68,7.16,0,0,0,4,38,,2026,11/20/2022 0:00
40,73,191,75,79,0,0,90,7.36,0,0,0,5,39,,2026,12/4/2022 0:00
188,0,0,0,0,0,0,0,0,0,0,0,10,39,,2026,10/12/2023 0:00
41,65,107,58,62,54,2.95,58,8.43,0,0,0,5,40,,2028,12/4/2022 0:00
42,68,151,65,66,0,0,73,7.48,71,64,62,4,41,,2026,11/20/2022 0:00
43,69,196,61,70,0,0,80,7.6,0,0,0,4,42,,2024,11/20/2022 0:00
44,74,210,66,66,0,0,79,7.29,0,0,0,4,43,,2023,11/20/2022 0:00
45,67,117,69,67,0,0,65,7.71,69,63,55,3,44,,2027,10/17/2022 0:00
46,69,119,62,69,0,0,61,8.47,0,0,0,4,45,,2027,11/20/2022 0:00
47,72,188,64,70,0,0,83,8.86,70,64,59,5,46,,2027,12/4/2022 0:00
48,0,0,68,69,66,2.33,70,8.79,68,58,56,4,47,,2026,11/20/2022 0:00
49,66,122,59,59,0,0,63,8.27,0,0,0,5,48,,2027,12/4/2022 0:00
50,0,0,58,55,0,0,60,8.74,56,51,42,3,49,,2027,10/17/2022 0:00
129,69,110,56,65,0,0,68,8.5,64,50,51,7,49,,2027,7/10/2023 0:00
51,73,150,0,71,0,0,73,7.46,70,62,61,4,50,,2026,11/20/2022 0:00
52,71,185,69,0,0,0,82,7.66,0,0,0,3,51,,2027,10/17/2022 0:00
514,74,196,74,74,,,,7.28,79,77,65,13,51,,2027,5/18/2024 0:00
53,70,219,79,0,0,0,85,7.91,74,68,60,3,52,,2024,10/17/2022 0:00
54,69,134,61,69,0,0,64,7.83,65,54,50,4,53,,2028,11/20/2022 0:00
55,69,160,54,54,0,0,76,8.15,53,52,51,4,54,,2026,11/20/2022 0:00
56,72,185,66,76,0,0,88,7.21,72,66,0,4,55,,2026,11/20/2022 0:00
57,73,145,71,74,0,0,79,7.55,76,67,66,5,56,,2024,12/4/2022 0:00
58,73,155,68,76,0,0,76,7.19,0,0,0,4,57,,2024,11/20/2022 0:00
59,68,137,68,69,61,2.74,70,8.59,0,0,0,5,58,,2026,12/4/2022 0:00
60,0,0,0,0,0,0,69,7.38,0,0,0,4,59,,2024,11/20/2022 0:00
97,65,126,0,65,0,0,78,7.26,0,0,0,7,59,,2024,7/10/2023 0:00
61,73,162,63,58,0,0,62,7.76,0,0,0,4,60,,2026,11/20/2022 0:00
62,72,145,0,0,0,0,71,7.75,0,0,0,4,61,,2024,11/20/2022 0:00
63,69,0,59,67,0,0,72,0,0,0,0,4,62,,2026,11/20/2022 0:00
64,72,0,76,83,76,2.01,88,7.17,85,69,76,4,63,,2024,11/20/2022 0:00
96,69,187,0,0,0,0,95,0,0,0,0,7,63,,2024,7/10/2023 0:00
165,0,0,0,0,0,0,86,7.25,0,0,0,10,63,,2024,10/12/2023 0:00
65,63,94,53,58,0,0,56,8.62,0,0,0,5,64,,2028,12/4/2022 0:00
66,67,150,69,72,0,0,80,7.56,0,0,0,4,65,,2025,11/20/2022 0:00
67,69,160,0,81,0,0,79,6.82,0,0,0,3,66,,2024,10/17/2022 0:00
68,68,123,65,0,57,2.32,67,8.88,0,0,0,3,67,,2027,10/17/2022 0:00
69,74,166,65,60,0,0,72,7.56,63,49,50,3,68,,2027,10/17/2022 0:00
70,74,163,61,55,0,0,73,7.68,64,53,54,4,68,,2027,11/20/2022 0:00
126,74,177,64,64,0,0,83,7.41,68,62,56,7,68,,2027,7/10/2023 0:00
71,71,150,70,77,0,0,76,7.38,78,67,67,4,69,,2024,11/20/2022 0:00
72,69,175,59,72,68,2.38,76,9.07,75,59,54,4,70,,2026,11/20/2022 0:00
342,73,214,,,76,2,92,8.19,82,69,70,15,70,,2026,6/12/2024 0:00
570,72,220,80,0,71,2.02,92,8.36,0,0,0,18,70,0,2026,10/11/2024 0:00
73,73,222,75,77,68,2.25,80,8.15,0,0,0,5,71,,2024,12/4/2022 0:00
100,72,230,70,0,70,2.24,83,0,0,0,0,7,71,,2024,7/10/2023 0:00
74,72,160,71,76,0,0,82,7.26,73,64,69,4,72,,2024,11/20/2022 0:00
75,67,152,81,0,0,0,84,7.21,78,74,65,3,73,,2024,10/17/2022 0:00
76,68,144,0,61,0,0,69,7.73,0,0,0,3,74,,2027,10/17/2022 0:00
77,63,119,0,65,0,0,72,7.12,0,0,0,3,75,,2026,10/17/2022 0:00
148,64,135,0,72,0,0,82,7.23,73,0,63,7,75,,2026,7/10/2023 0:00
510,66,144,72,73,,,82,7.09,74,61,63,13,75,,2026,5/18/2024 0:00
78,69,155,66,69,62,2.43,71,8.32,0,0,0,4,76,,2025,11/20/2022 0:00
79,72,135,49,60,0,0,68,8.28,56,53,49,4,77,,2025,11/20/2022 0:00
80,67,108,60,62,0,0,62,9.54,0,0,0,5,78,,2028,12/4/2022 0:00
81,72,159,73,74,0,0,81,7.65,0,0,0,5,79,,2024,12/4/2022 0:00
82,73,140,65,68,0,0,70,8.73,69,67,61,4,80,,2026,11/20/2022 0:00
83,67,140,54,62,0,0,64,9.05,65,57,0,4,81,,2026,11/20/2022 0:00
84,72,147,62,65,0,0,66,9.01,68,60,55,4,82,,2026,11/20/2022 0:00
85,74,205,80,76,0,0,84,7.32,73,68,65,3,83,,2024,10/17/2022 0:00
267,75,230,0,0,0,0,0,0,83,70,71,14,83,,2024,6/1/2024 0:00
86,66,120,63,64,0,0,67,8.15,65,64,54,4,84,,2026,11/20/2022 0:00
87,65,96,66,69,0,0,53,8.51,0,0,0,5,85,,2027,12/4/2022 0:00
88,75,157,61,69,0,0,77,7.61,71,61,57,3,86,,2025,10/17/2022 0:00
89,75,160,61,69,0,0,72,7.59,64,59,55,4,86,,2025,11/20/2022 0:00
90,71,148,68,77,0,0,85,6.98,77,67,64,3,87,,2024,10/17/2022 0:00
91,71,150,68,79,0,0,82,7.09,79,61,64,4,87,,2024,11/20/2022 0:00
93,72,215,72,81,0,0,92,6.94,0,0,0,7,88,,2023,7/10/2023 0:00
95,69,235,59,0,0,0,87,8.39,0,0,0,7,89,,2024,7/10/2023 0:00
239,70,240,60,0,0,0,86,8.56,0,0,0,14,89,,2024,6/1/2024 0:00
111,71,158,0,72,68,2.4,90,8.15,0,0,0,7,90,,2026,7/10/2023 0:00
121,64,133,64,65,0,0,63,9.39,0,0,0,7,91,,2027,7/10/2023 0:00
138,69,150,68,64,0,0,74,8.02,0,0,0,7,92,,2028,7/10/2023 0:00
136,71,180,74,0,0,0,94,8.21,78,61,63,7,93,,2028,7/10/2023 0:00
94,67,141,0,0,61,2.41,78,7.62,65,61,55,7,126,,2024,7/10/2023 0:00
117,63,116,0,71,0,0,61,7.6,0,0,0,7,94,,2027,7/10/2023 0:00
128,68,128,73,76,66,2.17,75,8.29,72,63,60,7,96,,2027,7/10/2023 0:00
98,75,203,73,0,0,0,83,7.89,81,65,70,7,97,,2024,7/10/2023 0:00
106,67,165,0,72,0,0,78,7.91,71,66,63,7,98,,2026,7/10/2023 0:00
107,74,234,66,0,0,0,86,8.91,63,58,56,7,99,,2026,7/10/2023 0:00
99,76,188,72,0,0,0,94,7.43,78,70,68,7,110,,2024,7/10/2023 0:00
134,66,131,62,63,0,0,78,8.3,68,59,57,7,100,,2027,7/10/2023 0:00
104,71,155,72,0,0,0,74,7.59,76,69,67,7,101,,2025,7/10/2023 0:00
101,72,177,0,72,0,0,85,7.71,0,0,0,7,114,,2025,7/10/2023 0:00
118,71,120,,,0,0,,,,,,7,102,,2027,7/10/2023 0:00
130,68,121,68,73,69,2.35,85,8.57,70,60,64,7,103,,2027,7/10/2023 0:00
103,70,152,0,68,0,0,75,7.41,0,0,0,7,128,,2025,7/10/2023 0:00
127,67,144,68,69,0,0,67,7.78,71,54,56,7,104,,2027,7/10/2023 0:00
109,67,135,74,0,0,0,74,8.24,71,65,59,7,105,,2026,7/10/2023 0:00
105,70,163,0,70,0,0,83,8.06,75,64,61,7,498,,2026,7/10/2023 0:00
442,0,0,0,73,0,0,83,7.93,80,65,66,17,498,,2026,6/26/2024 0:00
141,65,143,53,0,54,2.7,65,10.05,0,0,0,7,106,,2029,7/10/2023 0:00
124,67,126,66,59,0,0,0,8.28,0,0,0,7,107,,2027,7/10/2023 0:00
140,65,130,0,73,64,2.32,82,7.8,70,0,55,7,108,,2028,7/10/2023 0:00
108,71,161,0,74,0,0,84,7.58,74,64,59,7,121,,2026,7/10/2023 0:00
139,68,178,61,0,0,0,67,10.93,58,52,50,7,109,,2028,7/10/2023 0:00
110,70,170,0,0,69,2.08,84,7.67,0,0,0,7,112,,2026,7/10/2023 0:00
135,69,165,73,0,0,0,90,7.64,77,69,64,7,111,,2028,7/10/2023 0:00
112,63,152,68,70,0,0,78,7.49,73,62,62,7,125,,2026,7/10/2023 0:00
132,71,165,71,0,0,0,78,8.39,69,59,57,7,113,,2027,7/10/2023 0:00
113,66,146,61,64,0,0,82,7.46,0,0,0,7,119,,2026,7/10/2023 0:00
114,68,130,0,76,0,0,76,7.5,77,64,65,7,120,,2026,7/10/2023 0:00
142,64,124,58,0,60,2.4,73,8.5,0,0,0,7,115,,2029,7/10/2023 0:00
115,71,191,0,66,0,0,88,7.51,73,65,62,7,499,,2026,7/10/2023 0:00
400,0,0,0,66,0,0,92,7.52,72,0,62,17,499,,2026,6/26/2024 0:00
123,66,133,71,74,0,0,83,7.35,71,61,60,7,117,,2027,7/10/2023 0:00
116,67,181,0,76,0,0,92,7.1,0,0,0,7,122,,2026,7/10/2023 0:00
125,67,127,66,64,0,0,80,7.61,68,56,50,7,118,,2027,7/10/2023 0:00
225,0,0,70,76,0,0,78,7.36,71,0,51,10,118,,2027,10/12/2023 0:00
571,70,146,0,76,0,0,82,7.05,74,64,58,18,118,64,2027,10/11/2024 0:00
119,66,144,72,68,0,0,83,7.55,71,61,50,7,129,,2027,7/10/2023 0:00
120,68,174,80,79,0,0,87,7.88,0,0,0,7,130,,2027,7/10/2023 0:00
122,69,171,71,70,63,2.19,83,8,68,58,50,7,123,,2027,7/10/2023 0:00
133,71,189,71,74,0,0,88,7.95,75,57,61,7,124,,2027,7/10/2023 0:00
131,65,119,73,73,0,0,75,7.38,73,64,60,7,127,,2027,7/10/2023 0:00
137,67,190,63,68,0,0,76,8.61,71,55,55,7,131,,2028,7/10/2023 0:00
149,76,265,78,0,0,0,94,8.07,81,66,66,7,132,,2024,7/10/2023 0:00
143,62,120,58,54,57,2.56,67,9.05,64,55,53,7,133,,2028,7/10/2023 0:00
144,67,140,63,70,0,0,73,7.74,0,0,0,7,134,,2028,7/10/2023 0:00
145,68,150,0,0,71,2.05,76,7.26,0,0,0,7,135,,2026,7/10/2023 0:00
147,70,126,0,72,0,0,72,7.99,70,59,52,7,137,,2027,7/10/2023 0:00
151,0,0,44,50,0,0,50,8.82,0,0,0,10,138,,2029,10/12/2023 0:00
152,0,0,58,65,57,2.56,71,8.41,64,54,53,10,139,,2029,10/12/2023 0:00
572,69,150,68,75,67,2.16,76,7.87,69,62,59,18,139,0,2029,10/11/2024 0:00
153,0,0,51,53,0,0,58,8.73,52,0,44,10,140,,2030,10/12/2023 0:00
155,0,0,79,83,0,0,87,7.27,0,0,0,10,141,,2024,10/12/2023 0:00
156,0,0,64,70,0,0,76,7.82,67,53,50,10,142,,2029,10/12/2023 0:00
158,0,0,70,77,0,0,85,6.95,74,58,62,10,143,,2025,10/12/2023 0:00
573,68,137,75,77,0,0,88,6.84,0,0,0,18,143,0,2025,10/11/2024 0:00
159,0,0,65,67,61,2.57,74,8.08,66,59,57,10,144,,2026,10/12/2023 0:00
160,0,0,70,77,0,0,86,6.99,0,0,0,10,145,,2025,10/12/2023 0:00
161,0,0,45,53,45,3.72,57,9.81,0,0,0,10,146,,2030,10/12/2023 0:00
574,63,125,0,0,0,0,0,8.17,0,0,0,18,146,0,2030,10/11/2024 0:00
162,0,0,56,63,0,0,66,9.29,62,52,48,10,147,,2029,10/12/2023 0:00
575,74,136,0,0,0,0,0,0,0,0,0,18,147,0,2029,10/11/2024 0:00
163,0,0,87,91,0,0,95,7.45,89,74,76,10,148,,2026,10/12/2023 0:00
146,67,165,73,75,0,0,84,7.16,70,0,55,7,340,,2026,7/10/2023 0:00
355,70,181,80,87,,,86,7.09,83,70,67,15,340,,2026,6/12/2024 0:00
2,70,177,,86,,,85,7.17,82,72,,1,340,70,2026,6/2/2025 0:00
166,0,0,66,0,64,2.58,76,7.91,68,62,57,10,150,,2025,10/12/2023 0:00
167,0,0,0,0,0,0,0,0,0,0,0,10,151,,2026,10/12/2023 0:00
168,0,0,58,61,0,0,65,7.84,61,49,48,10,152,,2027,10/12/2023 0:00
169,0,0,57,61,57,2.88,65,9.24,60,53,45,10,153,,2029,10/12/2023 0:00
576,69,160,0,73,65,2.58,80,8.15,73,65,59,18,153,64,2029,10/11/2024 0:00
170,0,0,73,78,72,2.16,81,7.7,77,72,72,10,154,,2026,10/12/2023 0:00
577,72,188,80,0,72,2.16,84,7.26,0,0,0,18,154,0,2026,10/11/2024 0:00
171,0,0,59,63,0,0,61,8.69,66,57,60,10,155,,2028,10/12/2023 0:00
578,71,162,70,72,0,0,75,7.72,74,0,62,18,155,64,2028,10/11/2024 0:00
360,68,180,68,59,,,75,8.99,,,,15,346,,2030,6/12/2024 0:00
379,68,180,68,59,0,0,75,8.99,0,0,0,15,346,,2030,6/12/2024 0:00
172,0,0,57,63,55,2.95,58,9.19,0,0,0,10,156,,2028,10/12/2023 0:00
173,0,0,0,0,0,0,0,0,0,0,0,10,157,,2025,10/12/2023 0:00
154,0,0,45,44,0,0,53,9.58,0,0,0,10,205,,2029,10/12/2023 0:00
174,0,0,59,63,0,0,75,8.73,62,0,53,10,158,,2028,10/12/2023 0:00
175,0,0,0,0,0,0,0,0,0,0,0,10,159,,2026,10/12/2023 0:00
176,0,0,75,80,0,0,80,7.59,0,0,0,10,160,,2024,10/12/2023 0:00
177,0,0,0,0,0,0,0,7.36,0,0,0,10,161,,2025,10/12/2023 0:00
178,0,0,59,61,0,0,57,9.15,60,53,52,10,162,,2029,10/12/2023 0:00
579,65,107,64,66,0,0,65,8.74,67,59,60,18,162,0,2029,10/11/2024 0:00
179,0,0,43,48,0,0,52,9.03,48,46,0,10,163,,2030,10/12/2023 0:00
180,0,0,59,64,0,0,65,8.5,66,59,55,10,164,,2029,10/12/2023 0:00
580,69,141,72,73,0,0,85,7.58,72,0,52,18,164,60,2029,10/11/2024 0:00
181,0,0,82,85,0,0,92,7.19,81,61,60,10,165,,2025,10/12/2023 0:00
474,0,0,0,89,0,0,88,7.18,84,71,67,16,165,,2025,6/15/2024 0:00
182,0,0,70,73,0,0,81,7.46,0,0,0,10,166,,2025,10/12/2023 0:00
183,0,0,45,51,0,0,52,9.94,48,44,45,10,167,,2030,10/12/2023 0:00
581,61,87,55,57,0,0,59,8.51,53,41,43,18,167,0,2030,10/11/2024 0:00
164,0,0,68,70,0,0,73,8.56,76,72,64,10,341,,2027,10/12/2023 0:00
648,74,193,,,,,,8.67,80,71,,1,341,70,2027,6/2/2025 0:00
184,0,0,63,67,3,0,77,8.07,65,56,57,10,168,,2028,10/12/2023 0:00
582,73,160,71,0,66,2.19,84,7.42,74,66,59,18,168,0,2028,10/11/2024 0:00
185,0,0,58,60,0,0,63,8.23,60,52,50,10,169,,2027,10/12/2023 0:00
186,0,0,36,37,0,0,56,0,0,0,0,10,170,,2029,10/12/2023 0:00
187,0,0,79,83,0,0,89,7.13,78,0,0,10,171,,2027,10/12/2023 0:00
189,0,0,71,74,0,0,86,8.3,74,68,56,10,172,,2027,10/12/2023 0:00
511,71,245,73,69,66,2.34,85,8.13,75,67,64,13,172,,2027,5/18/2024 0:00
190,0,0,62,64,63,2.71,65,9.46,61,52,53,10,173,,2028,10/12/2023 0:00
191,0,0,65,68,59,2.51,73,8.07,65,0,54,10,174,,2029,10/12/2023 0:00
583,73,140,74,78,0,0,83,7.29,75,67,0,18,174,63,2029,10/11/2024 0:00
192,0,0,65,70,0,0,77,7.95,0,0,0,10,175,,2024,10/12/2023 0:00
193,0,0,67,72,66,2.16,72,8.08,71,70,60,10,176,,2027,10/12/2023 0:00
584,70,141,0,0,0,0,0,7.64,76,72,64,18,176,67,2027,10/11/2024 0:00
194,0,0,59,58,0,0,73,8.25,0,0,0,10,177,,2027,10/12/2023 0:00
195,0,0,64,70,0,0,67,8.94,65,55,52,10,178,,2028,10/12/2023 0:00
585,71,147,70,74,0,0,81,8.07,72,52,0,18,178,62,2028,10/11/2024 0:00
196,0,0,0,0,0,0,0,0,0,0,0,10,179,,2025,10/12/2023 0:00
197,0,0,65,63,0,0,76,7.81,63,0,54,10,180,,2025,10/12/2023 0:00
198,0,0,64,68,0,0,78,8.21,0,0,0,10,181,,2026,10/12/2023 0:00
199,0,0,75,78,0,0,65,9.89,77,66,62,10,182,,2028,10/12/2023 0:00
200,0,0,70,72,0,0,95,7.24,0,0,0,10,183,,2024,10/12/2023 0:00
202,0,0,54,61,0,0,58,9.2,0,0,0,10,184,,2030,10/12/2023 0:00
586,66,126,0,71,0,0,71,0,68,62,59,18,184,0,2030,10/11/2024 0:00
203,0,0,68,0,0,0,68,8.06,0,0,0,10,185,,2026,10/12/2023 0:00
204,0,0,74,77,0,0,96,7.11,0,0,0,10,186,,2024,10/12/2023 0:00
205,0,0,64,68,0,0,70,9.07,67,62,59,10,187,,2028,10/12/2023 0:00
206,0,0,59,62,0,0,56,8.83,61,49,53,10,188,,2028,10/12/2023 0:00
207,0,0,58,60,0,0,56,8.67,59,54,0,10,189,,2029,10/12/2023 0:00
587,71,132,0,69,0,0,75,7.8,0,0,0,18,189,0,2029,10/11/2024 0:00
208,0,0,0,0,0,0,0,0,0,0,0,10,190,,2030,10/12/2023 0:00
588,63,106,56,59,0,0,57,8.76,60,53,48,18,190,0,2030,10/11/2024 0:00
209,0,0,54,57,0,0,58,8.74,58,48,49,10,191,,2028,10/12/2023 0:00
210,0,0,50,56,0,0,54,9.91,51,46,48,10,192,,2030,10/12/2023 0:00
212,0,0,66,68,0,0,68,8.12,72,69,61,10,193,,2027,10/12/2023 0:00
213,0,0,51,53,48,2.99,66,8.75,0,0,0,10,194,,2030,10/12/2023 0:00
214,0,0,0,0,0,0,0,0,0,0,0,10,195,,2029,10/12/2023 0:00
215,0,0,52,63,0,0,59,8.67,66,58,47,10,196,,2030,10/12/2023 0:00
216,0,0,0,0,0,0,69,9.06,0,0,0,10,197,,2029,10/12/2023 0:00
218,0,0,78,83,0,0,83,6.86,83,0,71,10,198,,2025,10/12/2023 0:00
219,0,0,55,61,0,0,60,8.61,59,51,49,10,199,,2028,10/12/2023 0:00
589,66,127,0,0,0,0,76,7.87,0,0,0,18,199,0,2028,10/11/2024 0:00
220,0,0,75,83,0,0,93,6.59,0,0,0,10,200,,2024,10/12/2023 0:00
222,0,0,59,64,0,0,64,9.5,0,0,0,10,201,,2029,10/12/2023 0:00
590,69,151,68,71,66,2.6,79,8.79,0,0,0,18,201,0,2029,10/11/2024 0:00
223,0,0,53,59,0,0,62,8.6,0,0,0,10,202,,2028,10/12/2023 0:00
226,0,0,53,54,0,0,55,9.84,55,49,0,10,203,,2029,10/12/2023 0:00
227,0,0,52,54,0,0,56,9.25,59,52,52,10,204,,2028,10/12/2023 0:00
201,0,0,59,57,0,0,59,8.97,64,53,54,10,206,,0,10/12/2023 0:00
591,72,180,67,68,0,0,77,7.79,70,64,58,18,206,63,0,10/11/2024 0:00
224,0,0,56,63,0,0,68,7.53,0,0,0,10,207,,0,10/12/2023 0:00
211,0,0,51,64,0,0,61,7.47,60,53,51,10,208,,0,10/12/2023 0:00
229,70,156,70,69,,,84,7.67,,,,13,216,,0,5/18/2024 0:00
231,73,145,0,0,0,0,0,0,80,74,72,14,273,,2025,6/1/2024 0:00
232,72,170,0,0,0,0,0,0,89,77,77,14,274,,2025,6/1/2024 0:00
233,73,176,67,77,0,0,90,0,0,0,0,14,275,,2025,6/1/2024 0:00
234,68,144,0,79,0,0,84,6.88,83,71,65,14,276,,2025,6/1/2024 0:00
235,68,183,0,0,67,2.41,79,7.32,0,0,0,14,277,,2023,6/1/2024 0:00
236,69,148,70,0,0,0,80,7.49,0,0,0,14,278,,2026,6/1/2024 0:00
237,72,199,0,0,74,2.12,83,7.67,81,74,70,14,279,,2025,6/1/2024 0:00
431,0,0,0,0,73,2.03,80,7.76,81,70,69,17,279,,2025,6/26/2024 0:00
238,72,155,0,0,0,0,0,0,76,56,66,14,280,,2025,6/1/2024 0:00
240,0,0,0,0,0,0,0,0,0,0,0,14,282,,2027,6/1/2024 0:00
241,71,160,77,0,0,0,85,7.29,0,0,0,14,283,,2025,6/1/2024 0:00
409,0,0,71,0,0,0,85,7.28,0,0,0,17,283,,2025,6/26/2024 0:00
242,71,153,75,0,0,0,82,7.02,81,72,69,14,284,,2025,6/1/2024 0:00
243,70,170,0,0,0,0,69,9.72,0,0,0,14,285,,2026,6/1/2024 0:00
244,70,180,0,0,0,0,0,0,80,72,71,14,286,,2026,6/1/2024 0:00
245,68,159,68,69,0,0,81,7.87,76,64,62,14,287,,2025,6/1/2024 0:00
246,73,170,0,79,0,0,80,7.02,80,75,69,14,288,,2025,6/1/2024 0:00
465,0,0,0,81,0,0,81,7.11,82,73,71,17,288,,2025,6/26/2024 0:00
247,70,206,0,0,0,0,86,7.74,0,0,0,14,289,,2026,6/1/2024 0:00
248,71,155,74,0,0,0,0,7.03,81,66,70,14,290,,2026,6/1/2024 0:00
249,0,0,0,0,0,0,0,0,0,0,0,14,291,,2025,6/1/2024 0:00
250,72,159,0,79,70,2.23,84,7.21,0,0,0,14,292,,2025,6/1/2024 0:00
251,74,175,0,0,0,0,0,0,91,82,80,14,293,,2025,6/1/2024 0:00
252,68,154,68,82,68,2.17,76,8.19,0,0,0,14,294,,2025,6/1/2024 0:00
253,68,154,0,72,0,0,77,7.27,73,61,59,14,295,,2026,6/1/2024 0:00
254,69,163,78,0,0,0,80,8.52,0,0,0,14,296,,2026,6/1/2024 0:00
255,74,178,77,0,0,0,75,7.32,84,72,66,14,297,,2025,6/1/2024 0:00
256,75,190,72,0,0,0,80,7.51,0,0,0,14,298,,2026,6/1/2024 0:00
257,71,175,85,88,0,0,85,7.15,86,70,76,14,299,,2025,6/1/2024 0:00
258,73,196,56,71,0,0,0,7.18,0,0,0,14,300,,2026,6/1/2024 0:00
259,70,159,80,80,0,0,84,7.3,0,0,0,14,301,,2025,6/1/2024 0:00
260,70,171,0,69,0,0,79,7.35,0,0,0,14,302,,2027,6/1/2024 0:00
261,73,180,80,84,0,0,83,7.04,85,76,72,14,303,,2025,6/1/2024 0:00
455,0,0,78,0,0,0,83,7.79,85,0,72,17,303,,2025,6/26/2024 0:00
262,69,212,85,0,0,0,83,7.09,84,75,71,14,304,,2025,6/1/2024 0:00
263,74,297,56,0,0,0,84,9.11,0,0,0,14,305,,2024,6/1/2024 0:00
264,72,150,73,0,0,0,79,8,78,67,63,14,306,,2025,6/1/2024 0:00
265,70,155,71,0,0,0,81,7.3,77,66,74,14,307,,2025,6/1/2024 0:00
266,72,179,0,0,0,0,84,7.42,84,76,72,14,308,,2026,6/1/2024 0:00
268,76,164,0,80,0,0,84,6.85,0,0,0,14,310,,2026,6/1/2024 0:00
269,75,256,59,0,0,0,83,9.28,0,0,0,14,311,,2026,6/1/2024 0:00
270,0,0,0,0,0,0,0,0,91,78,76,14,312,,2025,6/1/2024 0:00
271,76,160,0,73,0,0,74,0,76,66,60,14,313,,2025,6/1/2024 0:00
272,68,155,0,73,0,0,75,0,78,65,67,14,314,,2026,6/1/2024 0:00
273,73,224,0,0,78,2.06,88,7.99,0,0,0,14,315,,2024,6/1/2024 0:00
274,70,201,74,0,0,0,81,7.5,75,65,63,14,316,,2025,6/1/2024 0:00
433,0,0,72,0,0,0,83,7.76,79,0,65,17,316,,2025,6/26/2024 0:00
275,73,172,62,74,0,0,80,7,76,67,72,14,317,,2025,6/1/2024 0:00
276,74,150,0,0,71,2.27,71,0,0,0,0,14,318,,2025,6/1/2024 0:00
277,0,0,0,0,0,0,0,0,0,0,0,14,319,,2027,6/1/2024 0:00
278,72,180,0,0,70,2.13,78,8.25,0,0,0,14,320,,2026,6/1/2024 0:00
280,71,156,0,0,0,0,0,0,79,71,70,14,322,,2025,6/1/2024 0:00
281,71,206,0,0,65,2.26,83,8.1,0,0,0,14,323,,2026,6/1/2024 0:00
282,71,180,0,72,0,0,82,7.2,0,0,0,14,324,,2025,6/1/2024 0:00
283,70,203,68,0,0,0,81,8.73,0,0,0,14,325,,2026,6/1/2024 0:00
284,71,157,0,77,0,0,77,7.32,0,0,0,14,326,,2025,6/1/2024 0:00
346,68,152,72,77,62,2.42,68,7.98,,,,15,329,,2026,6/12/2024 0:00
345,63,96,,66,,,62,8.21,67,55,55,15,330,,2028,6/12/2024 0:00
344,73,150,74,,,,74,7.4,,,,15,331,,2026,6/12/2024 0:00
458,0,0,72,0,0,0,75,7.54,0,0,0,17,331,,2026,6/26/2024 0:00
661,,,,,,,,,79,69,68,2,652,,2026,6/21/2025 0:00
341,69,166,70,77,,,80,7.65,74,58,51,15,327,,2027,6/12/2024 0:00
656,69,180,74,,,,85,7.49,78,68,66,1,327,,2027,6/2/2025 0:00
348,68,144,,77,74,2.37,82,7.24,79,67,68,15,333,,2026,6/12/2024 0:00
349,75,193,80,,,,72,8.27,82,70,71,15,334,,2026,6/12/2024 0:00
350,70,163,,75,70,2.22,78,8.09,,,,15,335,,2025,6/12/2024 0:00
357,69,143,70,0,0,0,69,8.3,73,63,59,15,343,,2029,6/12/2024 0:00
358,69,124,71,69,,,68,7.94,,,,15,344,,2029,6/12/2024 0:00
359,72,164,56,55,,,71,8.86,61,51,57,15,345,,2029,6/12/2024 0:00
347,66,134,70,72,,,73,8.42,71,66,62,15,347,,2029,6/12/2024 0:00
378,66,134,70,72,0,0,73,8.42,71,66,62,15,347,,2029,6/12/2024 0:00
377,66,119,58,77,63,2.28,63,8.63,74,58,60,15,349,,2029,6/12/2024 0:00
375,74,160,0,72,66,2.21,81,7.34,0,0,0,15,352,,2027,6/12/2024 0:00
374,74,166,65,0,0,0,79,7.83,73,62,56,15,353,,2029,6/12/2024 0:00
372,63,87,54,58,0,0,62,8.16,0,0,0,15,355,,2028,6/12/2024 0:00
371,67,128,71,71,0,0,73,7.92,0,0,0,15,356,,2028,6/12/2024 0:00
368,68,142,0,66,0,0,71,7.69,0,0,0,15,360,,2027,6/12/2024 0:00
367,72,167,74,66,0,0,80,7.13,71,63,66,15,361,,2028,6/12/2024 0:00
366,63,111,62,64,0,0,65,8.1,0,0,0,15,362,,2028,6/12/2024 0:00
365,67,160,69,0,0,0,74,8.35,72,65,62,15,363,,2029,6/12/2024 0:00
343,65,143,,81,,,74,7.87,77,65,64,15,332,,2027,6/12/2024 0:00
652,65,150,,82,,,79,7.72,79,71,,1,332,68,2027,6/2/2025 0:00
364,67,124,58,0,0,0,70,7.98,0,0,0,15,364,,2030,6/12/2024 0:00
363,68,154,72,0,0,0,70,9.93,0,0,0,15,365,,2030,6/12/2024 0:00
362,69,134,70,0,0,0,71,8.25,69,57,61,15,366,,2027,6/12/2024 0:00
662,71,150,,,,,87,,74,62,63,2,654,,2028,6/21/2025 0:00
476,0,0,74,0,0,0,81,7.01,0,0,0,16,370,,2025,6/15/2024 0:00
477,0,0,0,0,0,0,0,7.26,85,70,68,16,371,,2025,6/15/2024 0:00
478,0,0,0,0,74,1.98,79,7.96,0,0,0,16,372,,2025,6/15/2024 0:00
479,0,0,76,0,75,2.01,84,7.34,81,65,67,16,373,,2025,6/15/2024 0:00
351,68,118,73,74,,,77,7.81,72,59,59,15,336,,2027,6/12/2024 0:00
1,69,126,,79,68,2.01,77,7.64,76,63,62,1,336,62,2027,6/2/2025 0:00
480,0,0,78,84,0,0,81,7.24,88,80,75,16,374,,2025,6/15/2024 0:00
352,68,154,,84,71,2.16,85,7.47,79,68,67,15,337,,2027,6/12/2024 0:00
655,68,156,77,84,71,1.98,87,7.31,77,66,,1,337,65,2027,6/2/2025 0:00
481,0,0,72,0,0,0,83,7.25,0,0,0,16,375,,2025,6/15/2024 0:00
353,69,158,,72,,,73,7.62,74,69,59,15,338,,2027,6/12/2024 0:00
647,68,161,,76,,,72,7.63,74,68,59,1,338,63,2027,6/2/2025 0:00
482,0,0,70,0,0,0,78,7.89,0,0,0,16,376,,2025,6/15/2024 0:00
354,71,144,76,78,,,71,8.1,78,65,62,15,339,,2027,6/12/2024 0:00
653,70,165,80,,,,80,7.98,79,70,,1,339,66,2027,6/2/2025 0:00
483,0,0,82,83,0,0,88,7.42,82,67,64,16,377,,2025,6/15/2024 0:00
484,0,0,0,81,0,0,86,6.77,80,60,63,16,378,,2025,6/15/2024 0:00
356,68,127,69,,,,76,7.39,,,,15,342,,2027,6/12/2024 0:00
654,69,143,72,,,,80,7.2,,,,1,342,,2027,6/2/2025 0:00
485,0,0,0,81,0,0,81,6.99,0,0,0,16,379,,2025,6/15/2024 0:00
486,0,0,78,0,0,0,92,7.88,80,66,66,16,380,,2025,6/15/2024 0:00
487,0,0,85,0,0,0,85,7.13,86,69,67,16,381,,2025,6/15/2024 0:00
488,0,0,75,0,0,0,80,7.61,0,0,0,16,382,,2025,6/15/2024 0:00
361,72,185,77,83,73,2.17,89,7.34,81,70,64,15,367,,2027,6/12/2024 0:00
649,72,196,,81,70,2.14,91,7.4,77,68,65,1,367,,2027,6/2/2025 0:00
489,0,0,88,0,0,0,83,7.09,0,0,0,16,383,,2025,6/15/2024 0:00
490,0,0,0,0,0,0,0,0,82,75,70,16,385,,2025,6/15/2024 0:00
491,0,0,0,0,0,0,0,0,79,71,63,16,387,,2025,6/15/2024 0:00
492,0,0,86,87,0,0,83,7.34,86,69,66,16,388,,2025,6/15/2024 0:00
493,0,0,0,86,0,0,87,7.16,0,0,0,16,390,,2025,6/15/2024 0:00
376,72,261,63,0,0,0,91,9.36,70,60,57,15,351,,2027,6/12/2024 0:00
650,72,256,70,,,,92,9.14,75,64,61,1,351,,2027,6/2/2025 0:00
373,67,178,64,73,61,2.42,68,7.98,0,0,0,15,354,,2028,6/12/2024 0:00
657,,,,,70,2.25,,,,,,1,354,,2028,6/2/2025 0:00
494,0,0,74,0,0,0,93,7.48,0,0,0,16,391,,2025,6/15/2024 0:00
495,0,0,70,0,0,0,81,7.25,0,0,0,16,392,,2025,6/15/2024 0:00
496,0,0,0,74,0,0,91,6.91,75,64,58,16,393,,2025,6/15/2024 0:00
380,70,146,0,84,0,0,79,7.28,82,72,68,15,413,,2026,6/12/2024 0:00
462,0,0,0,81,0,0,75,7.41,80,0,67,17,413,,2026,6/26/2024 0:00
497,0,0,0,0,0,0,0,0,85,75,75,16,394,,2025,6/15/2024 0:00
381,71,139,0,79,0,0,76,7.64,75,67,62,15,545,,2026,6/12/2024 0:00
404,0,0,0,74,0,0,77,8.07,73,0,67,17,545,,2026,6/26/2024 0:00
498,0,0,67,0,0,0,77,7.12,0,0,0,16,395,,2025,6/15/2024 0:00
394,0,0,0,73,0,0,75,7.63,0,0,0,17,495,,2026,6/26/2024 0:00
395,0,0,68,0,0,0,81,7.7,79,69,66,17,516,,2026,6/26/2024 0:00
396,0,0,70,72,0,0,81,7.44,0,0,0,17,531,,2026,6/26/2024 0:00
397,0,0,72,0,0,0,82,7.44,0,0,0,17,532,,2026,6/26/2024 0:00
500,0,0,72,70,0,0,86,7.43,76,60,65,16,399,,2025,6/15/2024 0:00
398,0,0,69,0,0,0,76,8.38,67,0,56,17,501,,2026,6/26/2024 0:00
501,0,0,0,81,0,0,78,7.08,74,69,66,16,400,,2025,6/15/2024 0:00
399,0,0,0,77,0,0,70,7.32,0,0,0,17,526,,2026,6/26/2024 0:00
401,0,0,0,86,0,0,90,6.75,0,0,0,17,561,,2019,6/26/2024 0:00
502,0,0,82,0,0,0,92,7.45,86,76,74,16,403,,2025,6/15/2024 0:00
402,0,0,0,80,0,0,83,6.74,0,0,0,17,505,,2025,6/26/2024 0:00
503,0,0,0,70,0,0,82,7.31,0,0,0,16,404,,2025,6/15/2024 0:00
403,0,0,0,0,69,2.26,75,7.96,0,0,0,17,509,,2024,6/26/2024 0:00
504,0,0,75,0,0,0,83,7.29,0,0,0,16,405,,2025,6/15/2024 0:00
505,0,0,81,0,0,0,89,7.32,85,73,67,16,406,,2025,6/15/2024 0:00
405,0,0,0,0,68,2.08,77,7.65,80,71,66,17,515,,2026,6/26/2024 0:00
506,0,0,77,0,0,0,77,7.28,0,0,0,16,407,,2025,6/15/2024 0:00
406,0,0,79,0,0,0,82,7.59,82,75,67,17,548,,2025,6/26/2024 0:00
407,0,0,78,0,0,0,89,7.36,81,70,72,17,553,,2025,6/26/2024 0:00
507,0,0,0,0,73,2.04,81,0,0,0,0,16,410,,2025,6/15/2024 0:00
410,0,0,76,0,0,0,88,7.72,81,0,60,17,556,,2025,6/26/2024 0:00
411,0,0,0,79,0,0,85,7.54,77,0,63,17,520,,2026,6/26/2024 0:00
412,0,0,81,83,0,0,87,7.4,0,0,0,17,555,,2026,6/26/2024 0:00
413,0,0,0,0,73,2.12,85,7.59,82,71,72,17,519,,2026,6/26/2024 0:00
420,0,0,0,0,0,0,0,0,81,63,71,17,493,,2024,6/26/2024 0:00
414,0,0,0,69,0,0,63,7.66,0,0,0,17,503,,2027,6/26/2024 0:00
443,0,0,0,84,0,0,80,7.38,82,0,71,17,494,,2023,6/26/2024 0:00
415,0,0,80,0,65,2.17,83,8.42,0,0,0,17,533,,2026,6/26/2024 0:00
416,0,0,81,0,0,0,81,7.08,0,0,0,17,514,,2025,6/26/2024 0:00
427,0,0,0,77,0,0,81,7.41,80,0,69,17,496,,2025,6/26/2024 0:00
417,0,0,76,0,0,0,83,7.67,0,0,0,17,513,,2025,6/26/2024 0:00
447,0,0,0,0,0,0,82,7.92,0,0,0,17,497,,2025,6/26/2024 0:00
418,0,0,0,0,70,2.16,76,8.6,0,0,0,17,547,,2027,6/26/2024 0:00
419,0,0,76,0,0,0,87,8.03,82,71,71,17,557,,2027,6/26/2024 0:00
445,0,0,0,0,72,2.15,88,7.55,74,66,63,17,500,,2026,6/26/2024 0:00
421,0,0,0,86,0,0,80,7.07,82,0,68,17,541,,2026,6/26/2024 0:00
422,0,0,67,0,0,0,72,8.33,0,0,0,17,543,,2027,6/26/2024 0:00
429,0,0,0,0,0,0,85,7.47,0,0,0,17,502,,2025,6/26/2024 0:00
423,0,0,0,67,0,0,75,8.18,78,0,67,17,536,,2026,6/26/2024 0:00
424,0,0,0,0,68,2.21,78,8.02,0,0,0,17,511,,2025,6/26/2024 0:00
463,0,0,0,71,0,0,75,7.26,0,0,0,17,504,,2024,6/26/2024 0:00
425,0,0,0,81,74,2.09,84,7.24,81,73,75,17,517,,2025,6/26/2024 0:00
426,0,0,68,0,0,0,81,7.62,0,0,0,17,562,,2025,6/26/2024 0:00
430,0,0,0,0,73,2.01,78,7.91,0,0,0,17,506,,2026,6/26/2024 0:00
459,0,0,78,0,0,0,82,7.38,83,0,73,17,507,,2026,6/26/2024 0:00
428,0,0,0,73,0,0,83,7.43,0,0,0,17,538,,0,6/26/2024 0:00
449,0,0,0,85,0,0,81,7.25,87,0,79,17,508,,2027,6/26/2024 0:00
444,0,0,74,81,0,0,79,7.51,75,0,64,17,510,,2025,6/26/2024 0:00
432,0,0,80,0,0,0,85,7.72,85,79,71,17,528,,2025,6/26/2024 0:00
460,0,0,78,0,0,0,86,7.76,85,0,76,17,512,,2025,6/26/2024 0:00
434,0,0,0,78,74,2.1,77,7.37,0,0,0,17,542,,2025,6/26/2024 0:00
435,0,0,67,0,66,2.29,70,7.64,0,0,0,17,549,,2026,6/26/2024 0:00
436,0,0,0,0,0,0,0,0,0,0,0,17,518,,2025,6/26/2024 0:00
437,0,0,73,81,0,0,72,7.79,0,0,0,17,521,,2027,6/26/2024 0:00
438,0,0,0,75,0,0,78,8.23,75,0,58,17,537,,2025,6/26/2024 0:00
439,0,0,0,80,0,0,80,7.1,0,0,0,17,522,,2025,6/26/2024 0:00
440,0,0,67,0,68,2.38,77,8.75,0,0,0,17,554,,2027,6/26/2024 0:00
441,0,0,0,0,0,0,0,0,0,0,0,17,563,,2025,6/26/2024 0:00
450,0,0,68,0,0,0,66,7.58,71,0,60,17,523,,2027,6/26/2024 0:00
451,0,0,0,66,0,0,67,7.67,64,0,55,17,524,,2027,6/26/2024 0:00
446,0,0,73,0,62,2.33,81,7.58,74,0,65,17,530,,2023,6/26/2024 0:00
454,0,0,69,73,0,0,85,7.79,0,0,0,17,529,,2025,6/26/2024 0:00
448,0,0,76,0,72,2.2,77,7.24,0,0,0,17,560,,2026,6/26/2024 0:00
452,0,0,69,0,0,0,71,7.1,0,0,0,17,540,,2024,6/26/2024 0:00
456,0,0,0,77,0,0,84,7.66,80,0,65,17,534,,2025,6/26/2024 0:00
453,0,0,0,0,0,0,0,0,0,0,0,17,550,,0,6/26/2024 0:00
457,0,0,85,0,0,0,90,7.41,85,0,77,17,535,,2026,6/26/2024 0:00
461,0,0,0,77,0,0,85,7.7,0,0,0,17,552,,2025,6/26/2024 0:00
467,0,0,67,70,0,0,75,8.41,0,0,0,17,546,,2026,6/26/2024 0:00
464,0,0,76,0,0,0,85,6.9,0,0,0,17,558,,2025,6/26/2024 0:00
466,0,0,0,0,0,0,0,0,88,78,80,17,564,,2026,6/26/2024 0:00
468,0,0,0,83,0,0,87,7.34,85,75,67,17,566,,2025,6/26/2024 0:00
469,,,79,,,,87,7.51,,,,17,568,,2022,6/26/2024 0:00
516,96,166,64,68,64,2.31,79,8.09,68,,59,13,569,,2028,5/18/2024 0:00
515,75,172,68,72,,,80,7.37,69,62,60,13,570,,2027,5/18/2024 0:00
512,69,145,,,,,76,7.54,,,,13,571,,2027,5/18/2024 0:00
509,72,182,71,74,,,79,8.41,74,61,63,13,572,,2027,5/18/2024 0:00
663,71,216,69,,,,89,,76,73,66,2,655,,2026,6/21/2025 0:00
592,55,78,43,46,0,0,54,10.08,48,0,43,18,578,0,0,10/11/2024 0:00
593,61,99,71,70,0,0,64,8.51,68,52,53,18,579,54,0,10/11/2024 0:00
513,75,183,77,79,,,86,7.37,82,,58,13,574,,2027,5/18/2024 0:00
595,68,153,53,44,0,0,45,10.64,44,41,0,18,581,0,0,10/11/2024 0:00
596,64,133,0,47,44,3.48,56,10.42,0,0,0,18,582,0,0,10/11/2024 0:00
597,61,95,60,59,0,0,69,9.68,61,52,54,18,583,0,0,10/11/2024 0:00
598,63,90,0,55,54,2.88,64,9.09,61,51,51,18,584,0,0,10/11/2024 0:00
599,64,124,0,63,0,0,70,8.21,0,0,0,18,585,0,0,10/11/2024 0:00
600,63,154,55,57,56,3.06,62,9.88,58,55,50,18,586,0,0,10/11/2024 0:00
601,65,115,67,67,0,0,78,8.83,68,63,61,18,587,0,0,10/11/2024 0:00
602,67,135,61,61,58,2.83,72,8.13,64,59,54,18,588,61,0,10/11/2024 0:00
603,70,152,74,77,0,0,88,7.84,72,68,61,18,589,0,0,10/11/2024 0:00
604,66,229,0,44,0,0,65,10.98,0,0,0,18,590,0,0,10/11/2024 0:00
605,63,106,57,56,0,0,61,9.37,57,0,51,18,591,0,0,10/11/2024 0:00
606,67,159,73,77,72,2.43,76,7.81,76,62,58,18,592,0,0,10/11/2024 0:00
607,65,161,75,75,69,2.1,80,8.29,75,67,62,18,593,0,0,10/11/2024 0:00
608,66,156,0,72,63,2.51,84,8.58,70,57,57,18,594,0,0,10/11/2024 0:00
609,67,121,69,71,0,0,76,7.96,0,0,0,18,595,0,0,10/11/2024 0:00
610,74,164,71,71,0,0,84,7.24,71,65,0,18,596,62,0,10/11/2024 0:00
611,72,160,67,67,0,0,85,7.27,72,65,63,18,597,0,0,10/11/2024 0:00
612,69,165,0,65,0,0,82,7.16,67,59,0,18,598,60,0,10/11/2024 0:00
613,73,196,83,86,0,0,98,7.06,0,0,0,18,599,0,0,10/11/2024 0:00
614,71,205,0,0,0,0,96,8.22,0,0,0,18,600,0,0,10/11/2024 0:00
615,73,194,0,81,0,0,101,6.84,0,0,0,18,601,0,0,10/11/2024 0:00
616,69,150,0,81,0,0,90,7.03,0,0,0,18,602,0,0,10/11/2024 0:00
617,69,140,82,85,0,0,88,6.68,83,76,70,18,603,0,0,10/11/2024 0:00
618,68,146,0,78,74,2.11,90,7.04,0,0,0,18,604,0,0,10/11/2024 0:00
619,80,221,0,0,0,0,92,7.99,75,71,67,18,605,0,2026,10/11/2024 0:00
620,74,202,0,0,0,0,0,8.32,0,0,0,18,606,0,0,10/11/2024 0:00
621,74,191,82,84,0,0,97,7.54,0,0,0,18,607,0,0,10/11/2024 0:00
622,0,0,0,86,0,0,98,7.58,87,78,69,18,608,77,0,10/11/2024 0:00
623,67,146,75,77,0,0,84,7.6,76,65,62,18,609,0,0,10/11/2024 0:00
624,72,200,0,83,0,0,92,7.17,81,68,70,18,610,0,0,10/11/2024 0:00
625,72,150,0,0,72,2.1,84,7.33,78,70,0,18,611,73,0,10/11/2024 0:00
626,72,218,76,0,0,0,90,0,0,0,0,18,612,0,0,10/11/2024 0:00
627,69,148,0,70,0,0,76,7.7,67,0,55,18,613,54,0,10/11/2024 0:00
628,63,124,52,0,52,3.61,64,9.42,0,0,0,18,614,0,0,10/11/2024 0:00
629,68,203,58,0,0,0,83,0,0,0,0,18,615,0,0,10/11/2024 0:00
630,75,212,0,0,0,0,0,0,0,0,0,18,616,0,0,10/11/2024 0:00
631,67,232,44,0,0,0,56,12.28,50,46,0,18,617,0,0,10/11/2024 0:00
633,72,160,67,65,59,2.45,74,7.12,64,59,61,20,630,0,2030,11/7/2024 0:00
634,70,146,69,70,0,0,76,7.6,65,56,0,20,631,0,2029,11/7/2024 0:00
635,63,117,70,68,0,0,69,8.98,65,59,53,20,632,0,2029,11/7/2024 0:00
636,62,101,69,66,0,0,67,8.7,67,60,56,20,633,0,2031,11/7/2024 0:00
637,70,157,67,68,0,0,75,8.05,68,57,56,20,634,0,2029,11/7/2024 0:00
638,71,171,69,69,0,0,63,8.46,69,60,61,20,635,0,2028,11/7/2024 0:00
639,67,132,0,74,0,0,71,7.76,69,0,0,20,636,0,2029,11/7/2024 0:00
640,66,118,74,75,0,0,75,7.34,73,0,62,20,637,0,2028,11/7/2024 0:00
641,72,180,78,79,70,2.05,81,7.99,78,71,66,20,638,0,2029,11/7/2024 0:00
642,71,127,63,62,58,2.47,71,8.38,0,0,0,20,639,0,2028,11/7/2024 0:00
643,70,133,66,67,61,2.34,72,0,0,0,0,20,640,0,2029,11/7/2024 0:00
644,66,122,0,0,0,0,67,8.66,0,0,0,20,641,0,2029,11/7/2024 0:00
645,69,134,0,0,0,0,0,0,0,0,0,20,643,0,2029,11/7/2024 0:00
664,70,160,76,80,,,74,,78,66,62,2,656,,2028,6/21/2025 0:00
665,72,203,,91,82,1.81,89,6.67,,,,2,657,,2026,6/21/2025 0:00
666,,,,,,,,,,,,2,658,,2027,6/21/2025 0:00
667,66,109,60,,61,2.3,71,,,,,2,659,,2028,6/21/2025 0:00
668,70,205,62,,,,88,,,,,2,660,,2026,6/21/2025 0:00
669,68,165,75,79,,,83,6.95,,,,2,661,,2026,6/21/2025 0:00
670,72,185,73,,,,86,,76,66,64,2,662,,2027,6/21/2025 0:00
651,69,138,,80,,,77,7.57,75,68,64,1,0,65,2027,6/2/2025 0:00
671,67,133,,78,,,74,,75,61,65,2,663,,2026,6/21/2025 0:00
672,70,160,,73,,,80,7.54,,,,2,664,,2028,6/21/2025 0:00
673,71,188,76,,76,2.03,89,7.28,,,,2,665,,2026,6/21/2025 0:00
674,73,179,,,,,90,,88,79,74,2,666,,2026,6/21/2025 0:00
675,70,166,,78,,,81,6.96,77,66,61,2,667,,2027,6/21/2025 0:00
676,,,,,,,,,,,,2,668,,2026,6/21/2025 0:00
677,70,168,71,,,,85,,81,70,67,2,669,,2026,6/21/2025 0:00
678,68,131,73,,,,67,,76,65,66,2,670,,2027,6/21/2025 0:00
679,73,164,,81,,,87,7.2,81,73,69,2,671,71,2028,6/21/2025 0:00
658,72,146,,72,,,83,7.12,,,,2,672,,2026,6/21/2025 0:00
680,72,146,,72,,,83,7.12,,,,2,672,,2026,6/21/2025 0:00
681,69,173,67,,,,77,,73,65,64,2,673,,2028,6/21/2025 0:00
682,64,170,57,,55,2.76,65,,,,,2,675,,2029,6/21/2025 0:00
683,70,170,79,,,,84,7.13,,,,2,676,,2027,6/21/2025 0:00
684,72,165,75,,,,85,,,,,2,677,,2026,6/21/2025 0:00
685,75,213,73,,70,2.21,79,,75,66,64,2,678,,2028,6/21/2025 0:00
686,70,151,76,,,,83,,77,66,65,2,679,,2026,6/21/2025 0:00
687,69,140,69,,65,2.28,71,,,,,2,680,,2028,6/21/2025 0:00
688,70,168,,,,,86,7.09,,,,2,681,,2027,6/21/2025 0:00
689,72,146,77,81,,,78,7,,,,2,682,,2028,6/21/2025 0:00
690,69,109,,78,,,70,7.29,,,,2,683,,2029,6/21/2025 0:00
691,69,156,,,,,,,83,74,73,2,684,,2026,6/21/2025 0:00
692,73,178,,85,,,96,7.17,84,79,67,2,685,,2026,6/21/2025 0:00
693,68,143,74,85,,,72,7.11,,,,2,687,,2026,6/21/2025 0:00
694,70,151,74,,,,85,,76,66,66,2,688,,2027,6/21/2025 0:00
695,,,73,,73,1.99,80,,,,,2,689,,2027,6/21/2025 0:00
696,71,147,80,,71,2.11,84,6.75,,,,2,690,,2026,6/21/2025 0:00
697,70,184,,,76,2.09,89,7.08,,,,2,691,,2026,6/21/2025 0:00
698,72,199,80,,76,2.01,89,,,,,2,692,,2026,6/21/2025 0:00
699,72,178,77,87,,,89,7.03,,,,2,693,,2026,6/21/2025 0:00
700,68,131,,84,,,83,,80,71,66,2,694,,2027,6/21/2025 0:00
659,72,184,75,,,,93,7.16,85,74,73,2,756,,2026,6/21/2025 0:00
701,,,73,,73,2.36,90,,,,,2,695,,2027,6/21/2025 0:00
660,70,154,77,,,,79,7.5,,,,2,746,,2026,6/21/2025 0:00
702,68,176,87,,84,1.84,82,6.99,,,,2,696,,2026,6/21/2025 0:00
703,70,162,,72,,,82,7.55,,,,2,697,,2027,6/21/2025 0:00
704,72,177,57,,,,84,,,,,2,698,,2027,6/21/2025 0:00
705,72,217,83,,,,87,,87,77,75,2,699,,2026,6/21/2025 0:00
706,70,131,68,,,,76,,,,,2,700,,2027,6/21/2025 0:00
707,68,255,60,,,,90,,,,,2,701,,2026,6/21/2025 0:00
708,68,154,,78,,,76,,73,66,61,2,702,,2027,6/21/2025 0:00
709,73,191,76,83,,,86,6.93,,,,2,703,,2026,6/21/2025 0:00
710,71,158,74,,77,1.89,83,6.92,82,70,71,2,704,,2026,6/21/2025 0:00
711,71,190,65,,69,2.04,73,,,,,2,705,,2027,6/21/2025 0:00
712,72,171,71,,,,80,,73,66,65,2,706,,2027,6/21/2025 0:00
713,71,182,77,,,,83,7.1,,,,2,707,,2026,6/21/2025 0:00
714,68,124,74,78,71,2.14,76,7.05,79,68,61,2,708,,2028,6/21/2025 0:00
715,72,142,72,,,,80,7.08,,,,2,709,,2027,6/21/2025 0:00
716,73,184,71,,,,82,,74,64,65,2,710,,2028,6/21/2025 0:00
717,71,157,,74,,,72,,,,,2,711,,2028,6/21/2025 0:00
718,69,219,,78,,,85,,,,,2,712,,2028,6/21/2025 0:00
719,75,191,73,,,,77,,,,,2,713,,2028,6/21/2025 0:00
720,,,,,,,,,,,,2,714,,2026,6/21/2025 0:00
721,72,159,,72,,,74,,,,,2,715,,2026,6/21/2025 0:00
722,70,170,,,68,2.19,81,,,,,2,716,,2026,6/21/2025 0:00
723,76,185,87,,,,85,,89,74,77,2,717,,2026,6/21/2025 0:00
724,73,172,,76,,,86,7.14,,,,2,718,,2026,6/21/2025 0:00
725,67,176,75,,,,78,7.25,78,73,67,2,719,,2028,6/21/2025 0:00
726,68,138,76,,,,81,7.09,,,,2,720,,2027,6/21/2025 0:00
727,73,223,67,,,,82,,,,,2,721,,2028,6/21/2025 0:00
728,74,161,,,74,2.24,90,,78,65,64,2,722,,2027,6/21/2025 0:00
729,69,135,65,71,,,71,7.63,69,65,56,2,723,,2028,6/21/2025 0:00
730,73,165,,74,,,83,7.45,78,68,66,2,724,,2027,6/21/2025 0:00
731,71,155,,78,,,74,,,,,2,725,,2029,6/21/2025 0:00
732,73,218,71,,,,93,7,,,,2,726,,2026,6/21/2025 0:00
733,70,157,76,78,,,80,,80,64,66,2,727,,2028,6/21/2025 0:00
734,73,156,,,,,77,,75,68,60,2,728,,2027,6/21/2025 0:00
735,74,140,,80,,,82,7.06,77,67,58,2,729,,2027,6/21/2025 0:00
736,74,171,,72,,,76,,,,,2,730,,2028,6/21/2025 0:00
737,74,181,,76,,,89,7.2,76,,69,2,731,54,2026,6/21/2025 0:00
738,72,168,,77,,,73,7.21,,,,2,732,,2028,6/21/2025 0:00
739,67,119,70,,,,80,,,,,2,733,,2028,6/21/2025 0:00
740,69,206,63,,,,85,,71,64,61,2,734,,2026,6/21/2025 0:00
741,76,194,,73,,,83,7.59,,,,2,735,,2027,6/21/2025 0:00
742,69,230,73,,,,91,7.31,,,,2,736,,2026,6/21/2025 0:00
743,70,182,,81,,,87,6.92,,,,2,737,,2027,6/21/2025 0:00
744,73,199,,90,75,1.91,98,6.98,,,,2,738,,2027,6/21/2025 0:00
745,74,167,,78,,,80,,,,,2,739,,2028,6/21/2025 0:00
746,70,174,75,,71,2.13,81,,79,66,61,2,740,,2028,6/21/2025 0:00
747,72,149,69,,,,78,,76,69,66,2,741,,2028,6/21/2025 0:00
748,68,160,77,,75,2.01,88,6.93,,,,2,742,,2026,6/21/2025 0:00
749,,,,,,,,,76,66,65,2,743,,2026,6/21/2025 0:00
750,73,184,70,80,,,96,7.2,,,,2,744,,2026,6/21/2025 0:00
751,,,,,,,,,73,60,57,2,745,,2027,6/21/2025 0:00
752,70,154,77,,,,79,7.5,,,,2,746,,2026,6/21/2025 0:00
753,71,192,,85,,,92,7.37,84,72,70,2,747,,2028,6/21/2025 0:00
754,72,157,,,,,,7.25,86,71,72,2,748,,2026,6/21/2025 0:00
755,71,180,75,,,,80,7.15,78,74,70,2,749,,2028,6/21/2025 0:00
756,67,179,76,,,,85,7.35,82,71,70,2,750,,2026,6/21/2025 0:00
757,70,152,,83,,,88,7.26,80,72,69,2,751,,2026,6/21/2025 0:00
758,,,,,,,,,76,69,71,2,752,,2026,6/21/2025 0:00
759,78,208,,,,,,,86,78,77,2,753,,2026,6/21/2025 0:00
760,71,153,77,82,,,84,7.39,81,70,64,2,754,,2027,6/21/2025 0:00
761,71,191,84,,,,87,,,,,2,755,,2026,6/21/2025 0:00
762,72,184,75,,,,93,7.16,85,74,73,2,756,,2026,6/21/2025 0:00
763,68,171,,,79,2.01,88,6.88,80,68,69,2,757,,2027,6/21/2025 0:00
764,75,208,,,,,,,93,83,72,2,758,,2026,6/21/2025 0:00
765,72,152,73,,,,76,6.75,75,64,63,2,759,,2027,6/21/2025 0:00
766,,,,,,,,,83,66,67,2,760,,2026,6/21/2025 0:00
767,74,250,66,,,,80,,,,,2,651,,2026,6/21/2025 0:00
768,73,171,70,,,,79,,79,64,66,2,653,,2028,6/21/2025 0:00
769,69,152,81,,,,82,7.09,83,76,70,2,762,,2028,6/21/2025 0:00
770,68,148,,81,75,2.09,80,7.12,,,,2,333,,2026,6/21/2025 0:00
771,76,170,72,,,,81,,79,71,65,2,686,,2027,6/21/2025 0:00
772,,,,,,,,,83,76,74,2,413,,2026,6/21/2025 0:00
773,76,171,,87,,,88,6.68,,,,2,310,,2026,6/21/2025 0:00
774,76,193,79,,,,90,,84,72,70,2,515,,2026,6/21/2025 0:00
775,75,173,,,,,76,,87,78,72,2,334,,2026,6/21/2025 0:00
776,74,180,,,80,1.98,92,7.16,,,,2,37,,2026,6/21/2025 0:00
777,73,206,,,74,2.11,84,,,,,2,323,,2026,6/21/2025 0:00
778,74,180,,,77,1.96,84,7.13,,,,21,37,,2026,7/12/2025 0:00
779,76,171,,84,,,84,6.73,,,,21,310,,2026,7/12/2025 0:00
780,73,206,,,73,2.1,89,,,,,21,323,,2026,7/12/2025 0:00
781,68,148,,,75,1.99,90,,,,,21,333,,2026,7/12/2025 0:00
782,75,173,,,,,,,85,74,72,21,334,,2026,7/12/2025 0:00
783,,,,,,,,,85,78,72,21,413,72,2026,7/12/2025 0:00
784,76,193,,,,,,,81,74,70,21,515,,2026,7/12/2025 0:00
785,,,74,79,,,70,7.52,,,,21,625,,2027,7/12/2025 0:00
786,75,218,74,82,,,95,7.28,84,72,74,21,650,,2026,7/12/2025 0:00
787,74,250,65,,,,89,,,,,21,651,,2026,7/12/2025 0:00
788,,,,,,,,,75,70,67,21,652,,2026,7/12/2025 0:00
789,72,171,,,,,,,,,,21,653,,2028,7/12/2025 0:00
790,71,150,75,,,,85,7.18,,,,21,654,,2028,7/12/2025 0:00
791,71,216,74,,,,89,,74,69,64,21,655,,2026,7/12/2025 0:00
792,70,160,76,80,,,81,7.65,,,,21,656,,2028,7/12/2025 0:00
793,72,203,,91,81,1.86,90,6.7,,,,21,657,,2026,7/12/2025 0:00
794,66,109,60,,63,2.63,68,8.42,,,,21,659,,2028,7/12/2025 0:00
795,70,205,,,,,,,,,,21,660,,2026,7/12/2025 0:00
796,68,165,72,79,,,83,6.98,,,,21,661,,2026,7/12/2025 0:00
797,72,185,68,,,,67,7.69,77,65,63,21,662,,2027,7/12/2025 0:00
798,67,133,,75,,,72,,74,70,,21,663,67,2026,7/12/2025 0:00
799,70,160,,72,,,60,7.99,,,,21,664,,2028,7/12/2025 0:00
800,71,188,73,,74,2.14,79,,,,,21,665,,2026,7/12/2025 0:00
801,73,179,,,,,78,6.78,91,74,73,21,666,,2026,7/12/2025 0:00
802,60,166,,77,,,83,7.38,77,63,61,21,667,,2027,7/12/2025 0:00
803,70,168,69,,,,87,,76,71,65,21,669,,2026,7/12/2025 0:00
804,68,131,74,,,,77,7.96,77,67,64,21,670,,2027,7/12/2025 0:00
805,73,164,,,,,,,,,,21,671,,2028,7/12/2025 0:00
806,72,146,,77,,,72,7.09,,,,21,672,,2026,7/12/2025 0:00
807,69,173,,73,,,69,7.66,,,,21,673,,2028,7/12/2025 0:00
808,70,170,77,,,,81,7.26,,,,21,676,,2027,7/12/2025 0:00
809,72,165,74,,,,74,,,,,21,677,,2026,7/12/2025 0:00
810,75,213,74,,,,80,8.29,,,,21,678,,2028,7/12/2025 0:00
811,70,151,73,,,,67,,,,,21,679,,2026,7/12/2025 0:00
812,69,140,,,,,,,,,,21,680,,2028,7/12/2025 0:00
813,70,168,,,,,62,7.07,,,,21,681,,2027,7/12/2025 0:00
814,72,146,,,,,0,,,,,21,682,,2028,7/12/2025 0:00
815,69,109,,,,,,,,,,21,683,,2029,7/12/2025 0:00
816,69,156,,,,,,,83,77,,21,684,76,2026,7/12/2025 0:00
817,73,178,,,,,,,,,,21,685,,2026,7/12/2025 0:00
818,76,170,76,,,,82,,77,70,68,21,686,,2027,7/12/2025 0:00
819,68,143,77,82,,,74,7.09,,,,21,687,,2026,7/12/2025 0:00
820,70,151,75,,,,62,7.72,77,68,67,21,688,,2027,7/12/2025 0:00
821,71,147,,,73,2.05,79,,,,,21,690,,2026,7/12/2025 0:00
822,70,184,,,76,2.11,82,7.19,,,,21,691,,2026,7/12/2025 0:00
823,72,199,78,,74,2.11,86,,,,,21,692,,2026,7/12/2025 0:00
824,72,178,,,,,,,,,,21,693,,2026,7/12/2025 0:00
825,68,131,,,,,,,,,,21,694,,2027,7/12/2025 0:00
826,,,70,,68,2.41,92,,,,,21,695,,2027,7/12/2025 0:00
827,68,176,,,,,,,,,,21,696,,2026,7/12/2025 0:00
828,70,162,,70,,,73,,,,,21,697,,2027,7/12/2025 0:00
829,72,177,,,,,,,,,,21,698,,2027,7/12/2025 0:00
830,72,217,,,,,,,,,,21,699,,2026,7/12/2025 0:00
831,70,131,73,,,,78,7.57,,,,21,700,,2027,7/12/2025 0:00
832,68,255,,,,,,,,,,21,701,,2026,7/12/2025 0:00
833,68,154,,78,,,82,7.9,,,,21,702,,2027,7/12/2025 0:00
834,73,191,,,,,,,,,,21,703,,2026,7/12/2025 0:00
835,71,158,77,,75,2.05,81,6.95,,,,21,704,,2026,7/12/2025 0:00
836,71,190,,,68,2.11,66,7.9,,,,21,705,,2027,7/12/2025 0:00
837,72,171,71,,,,79,7.79,,,,21,706,,2027,7/12/2025 0:00
838,71,182,78,,,,82,7.02,81,76,73,21,707,,2026,7/12/2025 0:00
839,68,124,74,76,,,68,7.3,78,67,64,21,708,,2028,7/12/2025 0:00
840,72,142,74,,,,75,7.49,,,,21,709,,2027,7/12/2025 0:00
841,73,223,67,,,,,7.63,,,,21,710,,2028,7/12/2025 0:00
842,71,157,,77,,,76,7.74,,,,21,711,,2028,7/12/2025 0:00
843,69,219,78,,69,2.43,74,8.24,,,,21,712,,2028,7/12/2025 0:00
844,75,191,,,,,,,,,,21,713,,2028,7/12/2025 0:00
845,73,170,,86,,,0,6.74,,,,21,714,,2026,7/12/2025 0:00
846,72,159,,72,,,80,,,,,21,715,,2026,7/12/2025 0:00
847,70,170,,,,,,,,,,21,716,,2026,7/12/2025 0:00
848,76,185,87,,,,71,,90,84,79,21,717,,2026,7/12/2025 0:00
849,73,172,,,,,,,,,,21,718,,2026,7/12/2025 0:00
850,67,176,,,,,,,,,,21,719,,2028,7/12/2025 0:00
851,68,138,78,,,,74,7.31,,,,21,720,,2027,7/12/2025 0:00
852,73,184,,,,,,,,,,21,721,,2028,7/12/2025 0:00
853,74,161,,,75,2.23,79,7.66,,,,21,722,,2027,7/12/2025 0:00
854,69,135,61,67,,,80,7.58,69,66,54,21,723,,2028,7/12/2025 0:00
855,73,165,72,,,,66,,79,69,75,21,724,,2027,7/12/2025 0:00
856,71,155,73,75,,,72,7.98,75,65,63,21,725,,2029,7/12/2025 0:00
857,73,218,,,,,,,,,,21,726,,2026,7/12/2025 0:00
858,70,157,,,,,,,,,,21,727,,2028,7/12/2025 0:00
859,73,156,71,,,,82,8.53,,,,21,728,,2027,7/12/2025 0:00
860,74,140,71,82,,,71,7.23,,,,21,729,,2027,7/12/2025 0:00
861,74,171,,,,,,,,,,21,730,,2028,7/12/2025 0:00
862,74,181,,77,,,87,7.21,74,67,60,21,731,,2026,7/12/2025 0:00
863,72,168,76,77,,,82,7.51,,,,21,732,,2028,7/12/2025 0:00
864,67,119,67,,,,79,8.33,,,,21,733,,2028,7/12/2025 0:00
865,69,206,73,,,,83,,,,,21,734,,2026,7/12/2025 0:00
866,76,194,,68,,,81,7.78,77,68,61,21,735,,2027,7/12/2025 0:00
867,69,230,73,,,,0,,,,,21,736,,2026,7/12/2025 0:00
868,70,182,,76,,,82,6.93,,,,21,737,,2027,7/12/2025 0:00
869,73,199,,,,,,,,,,21,738,,2027,7/12/2025 0:00
870,74,167,,75,,,0,8.18,,,,21,739,,2028,7/12/2025 0:00
871,70,174,,,,,,,,,,21,740,,2028,7/12/2025 0:00
872,72,149,,,,,,,,,,21,741,,2028,7/12/2025 0:00
873,68,160,76,,72,2.18,87,6.89,,,,21,742,,2026,7/12/2025 0:00
874,,,,,,,,,77,73,70,21,743,,2026,7/12/2025 0:00
875,73,184,77,78,,,81,,,,,21,744,,2026,7/12/2025 0:00
876,,,77,74,,,69,7.64,,,,21,745,,2027,7/12/2025 0:00
877,70,154,,,,,,,,,,21,746,,2026,7/12/2025 0:00
878,71,192,,82,,,84,7.38,85,74,69,21,747,,2028,7/12/2025 0:00
879,72,157,,,,,,,86,77,70,21,748,,2026,7/12/2025 0:00
880,71,180,,80,,,82,7.51,,,,21,749,,2028,7/12/2025 0:00
881,67,179,81,,,,86,7.24,80,72,,21,750,68,2026,7/12/2025 0:00
882,70,152,,82,,,83,,82,76,72,21,751,,2026,7/12/2025 0:00
883,,,,,,,,,79,76,70,21,752,,2026,7/12/2025 0:00
884,78,208,,,,,,,85,79,74,21,753,,2026,7/12/2025 0:00
885,71,153,80,,,,78,7.42,81,73,70,21,754,,2027,7/12/2025 0:00
886,71,191,82,,,,86,,82,74,,21,755,77,2026,7/12/2025 0:00
887,72,184,81,,,,75,6.9,85,79,74,21,756,,2026,7/12/2025 0:00
888,68,171,,,76,2.06,83,7.03,,,,21,757,,2027,7/12/2025 0:00
889,75,208,,,,,,,92,79,80,21,758,,2026,7/12/2025 0:00
890,72,152,70,,,,80,6.98,75,68,75,21,759,,2027,7/12/2025 0:00
891,69,152,82,,,,82,7.27,,,,21,762,,2028,7/12/2025 0:00
892,,,72,76,,,84,6.96,,,,21,770,,2026,7/12/2025 0:00
893,,,,83,,,65,7.22,76,70,67,21,769,,2027,7/12/2025 0:00
894,71,170,,74,,,84,7.3,72,66,63,21,768,,2026,7/12/2025 0:00
895,,,,80,,,74,6.89,84,,73,21,767,76,2026,7/12/2025 0:00
896,,,,,,,,7.26,73,68,61,21,766,,2026,7/12/2025 0:00
897,64,170,,,,,73,10.58,,,,21,675,,2029,7/12/2025 0:00
898,,,72,,,,67,6.96,,,,21,764,,2026,7/12/2025 0:00
